{"_id":"brewery_Bube's_Brewery","name":"Bube's Brewery","address":["102 North Market Street"],"city":"Mount Joy","state":"Pennsylvania","code":"17552","country":"United States","phone":"717) 653-2056","website":"http:\/\/www.bubesbrewery.com","description":"Bube's Brewery is located within the original brewery's icehouse. The mash\/lauter tun and kettle have a 3.5 bbl capacity (approximately 110 gallons.) The brewers usually brew two consecutive batches to meet the capacity of the 10 bbl fermenters. In the brewery there are two 10 bbl fermenters and one 10 bbl conditioning tank for lagered beer.","geo":{"loc":["-76.5031","40.1119"],"accuracy":"ROOFTOP"},"updated":"2010-07-22 20:00:20"}