{"_id":"brewery_Asheville_Pizza_and_Brewing_Co.","name":"Asheville Pizza and Brewing Co.","address":["675 Merrimon Avenue"],"city":"Asheville","state":"North Carolina","code":"28804","country":"United States","phone":"(828) 254-1281","website":"http:\/\/www.ashevillepizza.com\/","description":"Asheville Brewpub, Brewery, Movie Theater and Pizzeria all rolled into 2 great places to meet and eat. Award winning beer and award winning pizza.","geo":{"loc":["-82.5536","35.6221"],"accuracy":"ROOFTOP"},"updated":"2010-07-22 20:00:20"}