{"_id":"brewery_Alltech's_Lexington_Brewing_Company","name":"Alltech's Lexington Brewing Company","address":["401 Cross Street"],"city":"Lexington","state":"Kentucky","code":"40508","country":"United States","phone":"1-859-887-3406","website":"http:\/\/www.kentuckyale.com\/kentuckyale\/Index.html","description":"Producers of Kentucky Ale brand.   Also a very esteemed educational institution, specializing in distilling sciences and fermentation sciences.","geo":{"loc":["-84.5088","38.0501"],"accuracy":"RANGE_INTERPOLATED"},"updated":"2010-07-22 20:00:20"}