{"_id":"brewery_Columbus_Brewing_Company","name":"Columbus Brewing Company","address":["525 Short St."],"city":"Columbus","state":"OH","code":"43215","country":"United States","phone":"614-464-2739","website":"www.columbusbrewingco.com","description":"Located just south of downtown Columbus, Ohio, adjacent to German Village in the historic Brewery District, Columbus Brewing Company Restaurant features award-winning food and beer in an upscale-casual setting. ","geo":{"loc":[]},"updated":"2011-03-08 12:19:07"}