{"_id":"brewery_Cold_Spring_Brewing","name":"Cold Spring Brewing","address":["219 Red River Avenue North"],"city":"Cold Spring","state":"Minnesota","code":"56320","country":"United States","phone":"1-320-685-8686","website":"http:\/\/www.coldspringbrewery.com\/","description":"Cold Spring Brewery in Cold Spring is on the original Red River trail. Used by the pioneering trail blazers, trappers and settlers to replenish water supplies from the pure cold spring which the town is named today. The spring is one of the purest sources of water in North America.  The spring comes from an underground prehistoric glacial lake filtered through granite over hundreds of years. There are certain pure elements in the water that are absolutely perfect for brewing world class beers.  The brewery has been modernized and rebuilt over the past several years, and is now a state-of-the-art brewery and beverage product development and production facility.","geo":{"loc":["-94.4291","45.4582"],"accuracy":"RANGE_INTERPOLATED"},"updated":"2010-07-22 20:00:20"}