{"_id":"brewery_August_Schell_Brewing","name":"August Schell Brewing","address":["1860 Schell Road"],"city":"New Ulm","state":"Minnesota","code":"56073","country":"United States","phone":"800-770-5020","website":"http:\/\/www.schellsbrewery.com\/","description":"The August Schell Brewing Company is a brewing company in New Ulm, Minnesota. It was founded by German immigrants August Schell and Jacob Bernhardt in 1860 and passed into the possession of the Schell family in 1866. It is the second oldest family-owned brewery in America and became the oldest and largest brewery in Minnesota when the company bought the Grain Belt rights in 2002.","geo":{"loc":["-94.449","44.2896"],"accuracy":"RANGE_INTERPOLATED"},"updated":"2010-07-22 20:00:20"}