{"_id":"brewery_Chelsea_Brewing_Company","name":"Chelsea Brewing Company","address":["Chelsea Piers, Pier 59"],"city":"New York","state":"New York","code":"10011","country":"United States","phone":"212.336.6440","website":"http:\/\/chelseabrewingco.com\/","description":"Chelsea Brewing Company, rated the best brewery in New York, is a first class waterfront restaurant and the only micro-brewery in Manhattan located at pier 59.With over 15 years of experience, and 8 National Awards, we are proud to serve up to 27 natural hand-crafted ales and specialty beers using only the finest malts and hops from around the world. We offer beer tastings, brewery tours and group packages.","geo":{"loc":["-74.0086","40.7457"],"accuracy":"GEOMETRIC_CENTER"},"updated":"2010-07-22 20:00:20"}