{"_id":"brewery_Allentown_Brew_Works","name":"Allentown Brew Works","address":["814 W Hamilton St"],"city":"Allentown","state":"Pennsylvania","code":"18101","country":"United States","phone":"610.433.7777","website":"http:\/\/www.thebrewworks.com\/allentown-brewworks\/","description":"The Allentown Brew Works is housed inside the historic Harold's Furniture Building at 812 W Hamilton Street. Years in the making, the new Allentown restaurant and brewery are part of the continuing vision of the Fegley family that established the original Bethlehem Brew Works in 1998. Proud to be part of the resurging downtown, the 400 seat restaurant is a testament to the vibrant heartbeat that thrives in this Queen City. Offering two and a half levels of dining, plus state of the art banquet facilities in The Hamilton Room, and multiple bars offering different atmospheres, as well as an outdoor casual Biergarten and a new seductive lower level lounge \u00ef\u00bf\u00bd Silk.","geo":{"loc":["-75.474","40.6016"],"accuracy":"RANGE_INTERPOLATED"},"updated":"2010-07-22 20:00:20"}