{"_id":"brewery_Bobcat_Cafe_&_Brewery","name":"Bobcat Cafe & Brewery","address":["4 Main Street"],"city":"Bristol","state":"Vermont","code":"5443","country":"United States","phone":"(802) 453-3311","website":"http:\/\/www.bobcatcafe.com\/","description":"Nestled at the foot of the Green Mountains & located right in the heart of Bristol, The Bobcat Cafe & Brewery is just walking distance from the town green, downtown shopping & the Crystal Palace B&B. Established in 2001, this popular, community oriented cafe & brewery features a wide selection of house brewed beers, a diverse menu to meet any taste, carefully selected wines & a full bar.","geo":{"loc":["-73.0784","44.1332"],"accuracy":"RANGE_INTERPOLATED"},"updated":"2010-07-22 20:00:20"}