{"_id":"brewery_Crabtree_Brewery","name":"Crabtree Brewery","address":["625 3rd St. #D"],"city":"Greeley","state":"Colorado","code":"80631","country":"United States","phone":"[970] 356-0516","website":"http:\/\/www.crabtreebrewing.com","description":"The Crabtree Brewing Company is dedicated to serving the environment, the community, our customers, and our valued employees.  Requiring the best ingredients to support unique premium beers.  Keeping a dynamic business mind while remaining modestly profitable.   Employing technology, embracing ethics, growing to meet the needs of our customers and employees, and having fun doing what we love\u00ef\u00bf\u00bd.Making Great Beer.","geo":{"loc":["-104.688","40.4313"],"accuracy":"RANGE_INTERPOLATED"},"updated":"2010-07-22 20:00:20"}