{"_id":"brewery_Barley_Creek_Brewing","name":"Barley Creek Brewing","address":["RR 1 Box 185"],"city":"Tannersville","state":"Pennsylvania","code":"18372","country":"United States","phone":"1-570-629-9399","website":"http:\/\/www.barleycreek.com\/","description":"Located in Tannersville, right off route 80's exit 299 in between the Crossings Outlet Stores and Camelback Ski area (Camelbeach Water Park, Barley Creek is the Pocono Mountains' Original Brewpub and Restaurant, where you can always find great food, freshly brewed beer, a comfortable atmosphere, friendly people, and a unique place to kick back, relax and have a great time. Bring your friends, bring your family, bring your friends' families. We are open every day at 11:01am, and serve dinner till about 10pm. On Friday and Saturday we are serving dinner till about 11:00pm. The bar stays open a little longer (so you can finish your fun if you ordered food just before the kitchen closed) Cheers!","geo":{"loc":["-75.3354","41.0523"],"accuracy":"APPROXIMATE"},"updated":"2010-07-22 20:00:20"}