{"_id":"brewery_Brouwerij_Abdij_der_Trappisten_van_Westmalle","name":"Brouwerij Abdij der Trappisten van Westmalle","address":["Antwerpsesteenweg 476"],"city":"Westmalle","state":"Antwerpen","country":"Belgium","phone":"32-033-12-05-35","website":"http:\/\/www.trappistwestmalle.be","description":"or more than 200 years the Westmalle Trappists have chosen a life of prayer and work. That is their true vocation, entirely in accordance with the rule of Saint Benedict. Monks, he stipulates, have to provide for themselves. hus there is also a brewery within the abbey. The monks deliberately keep production small, with special care for man and the environment. And because profit is not their motive, they spend the surplus from it on charity work and on people in need.","geo":{"loc":["4.6881","51.2974"],"accuracy":"RANGE_INTERPOLATED"},"updated":"2010-07-22 20:00:20"}