{"_id":"brewery_Anacortes_Brewing","name":"Anacortes Brewing","address":["320 Commercial Avenue"],"city":"Anacortes","state":"Washington","code":"98221","country":"United States","phone":"360-588-1720","website":"http:\/\/www.anacortesrockfish.com\/","description":"Our brewers focus on high quality ingredients, a carefully controlled process and delicate handling to provide one of the best beers you will find in the industry. We operate a seven barrel brewery designed and installed by Sound Brewing Systems of Seattle with vessels fabricated by Ripley Stainless in British Columbia. Our brewery features a cold room specially designed for lagering to provide our beers with a traditional character and complexity.","geo":{"loc":["-122.613","48.5193"],"accuracy":"RANGE_INTERPOLATED"},"updated":"2010-07-22 20:00:20"}