{"_id":"brewery_Blue_Ridge_Brewing","name":"Blue Ridge Brewing","address":["217 North Main Street"],"city":"Greenville","state":"South Carolina","code":"29601","country":"United States","phone":"1-864-232-4677","website":"http:\/\/www.blueridgebrewing.com\/","description":"Born in the foothills of the Blue Ridge Mountains, Greenville's Brew-Pub continues to pay homage to one simple creed, to provide our customers the very best we can! We're as proud of Chef Rich's House-Made Menu as we are of Jay's Freshly Crafted Brews!","geo":{"loc":["-82.3983","34.8531"],"accuracy":"ROOFTOP"},"updated":"2010-07-22 20:00:20"}