{"_id":"brewery_(512)_Brewing_Company","name":"(512) Brewing Company","address":["407 Radam, F200"],"city":"Austin","state":"Texas","code":"78745","country":"United States","phone":"512.707.2337","website":"http:\/\/512brewing.com\/","description":"(512) Brewing Company is a microbrewery located in the heart of Austin that brews for the community using as many local, domestic and organic ingredients as possible.","geo":{"loc":["-97.7697","30.2234"],"accuracy":"ROOFTOP"},"updated":"2010-07-22 20:00:20"}