{"_id":"brewery_Coors_Brewing_-_Golden_Brewery","name":"Coors Brewing - Golden Brewery","address":["311 Tenth Street"],"city":"Golden","state":"Colorado","code":"80401","country":"United States","phone":"1-866-812-2337","website":"http:\/\/www.coors.com","description":"In 1873, as the United States approached its centennial year, its people were busy building a new kind of nation. It was thirsty work. And that's where Coors Brewing Company came in. When we began in that same year, we were a small, family-owned brewery, located at the foot of the Rocky Mountains. We were busy creating the same kind of crisp, refreshing beer we're known for today. While hundreds of such family-owned breweries have come and gone in the years since, we believe the reasons for our success are simple. We've never compromised on quality in producing our award-winning brews and we've never lost sight of our rich Rocky Mountain heritage. Just as important, we've always believed in doing well by doing good. We treat our employees with respect, we support the local communities where we do business, and we strive to protect the environment. That's just how we do business.","geo":{"loc":["-105.219","39.7599"],"accuracy":"ROOFTOP"},"updated":"2010-07-22 20:00:20"}