{"_id":"brewery_Bluegrass_Brewing_Company,_Inc.","name":"Bluegrass Brewing Company, Inc.","address":["3929 Shelbyville Rd."],"city":"Louisville","state":"Kentucky","code":"40207","country":"United States","phone":"502-899-7070","website":"http:\/\/www.bbcbrew.com","description":"The original Bluegrass Brewing Company opened in 1993 at this location, 3929 Shelbyville Road, near Westport Rd., & Chenoweth, & Breckenridge Lanes. It is the city's oldest remaining brewpub and was the first to make a significant mark on the national brewpub and microbrewery scene. Louisville's best beer is made at this location, and large glass windows in the back dining room allow you to witness the brewing operation. The headbrewer is Jerry Gnagy, assisted by Sam Cruz and Cody Mingus.","geo":{"loc":["-85.654","38.253"],"accuracy":"ROOFTOP"},"updated":"2010-07-22 20:00:20"}