{"_id":"brewery_Eder_&_Heylands","name":"Eder & Heylands","address":["Aschaffenburger Stra\u00c3\u009fe 3-5"],"city":"Gro\u00c3\u009fostheim","state":"Bavaria","code":"63762","country":"Germany","phone":"+49 6026 5090","website":"http:\/\/www.eder-heylands.de","description":"Eder & HeylandS is a privately owned brewery in the north-western part of Bavaria (about 50 km east of Frankfurt). The brewery was founded in 1872 and is ever since managed by the Eder's family.","geo":{"loc":["9.0715","49.9211"],"accuracy":"APPROXIMATE"},"updated":"2010-07-22 20:00:20"}