{"_id":"brewery_Bullfrog_Brewery","name":"Bullfrog Brewery","address":["231 W. Fourth Street"],"city":"Williamsport","state":"Pennsylvania","code":"17701","country":"United States","phone":"570.326.4700","website":"http:\/\/www.bullfrogbrewery.com","description":"The Bullfrog Brewery, located in downtown Williamsport, Pa, is an award-winning microbrewery \/ restaurant and has quickly grown into one of the largest attractions in Northcentral Pennsylvania. Established in August, 1996, our goal is to provide a pleasant atmosphere and the best in food and beer. The Bullfrog Brewery, in competition with thousands of craft-brewed beers from different breweries around the world, recently won a World Beer Cup Gold Medal and Silver Medal. Along with our award-winning brews we offer live entertainment, ranging from jazz to Celtic music and everything in between. So come on in, explore the site and then make plans to stop in and enjoy the best brewery in all of Northcentral Pennsylvania.","geo":{"loc":["-77.0057","41.2404"],"accuracy":"RANGE_INTERPOLATED"},"updated":"2010-07-22 20:00:20"}