{"_id":"brewery_Brauhaus_Brew_Hall","name":"Brauhaus Brew Hall","address":["111 Main Street"],"city":"Lucan","state":"Minnesota","code":"56255","country":"United States","phone":"1-507-747-2796","website":"http:\/\/www.braubrothersbrewing.com\/","description":"We are very excited to introduce Brau Brothers Brewing Company, LLC. We are a locally owned and operated brewery, producing strictly for a local and regional market. We like to stay close to the beer we produce as well as to the people who drink it. Our modest scale allows us to be more flexible, dynamic, and closer to retailers as well as beer drinkers.","geo":{"loc":["-95.4107","44.4105"],"accuracy":"RANGE_INTERPOLATED"},"updated":"2010-07-22 20:00:20"}