{"_id":"brewery_Baron_Brewing_Company","name":"Baron Brewing Company","address":["1605 S 93rd Building E Unit L"],"city":"Seattle","state":"Washington","code":"98108","country":"United States","phone":"206.764.1213","website":"http:\/\/www.baronbeer.com\/","description":"Mike Baker and Jeff Smiley founded Baron Brewing in the beginning of 2003. A brewery has been in the works for sometime. Lots of discussions on what if we had a brewery were had, over lots of good German beer. The opportunity came for us to travel to Germany to really get involved with the German brewing process and ideology - as well as sample the best beer on earth. After that trip, the direction of the brewery was set. German beer had to be re-discovered by the population. After many discussions on opening a brewery and a trip to Germany, the dream became reality. We found an existing brewery to purchase - Lunar Brewing. After purchasing Lunar and getting approved for all the necessary licensing, Baron is ready to go. On June 14th, the world of Seattle will have the chance to finally taste and purchase Baron Beer. The first style of many to be released is our flagship beer - Munich Lager.That is all for the history. We are growing on a daily basis and plan to be around for quite some time.","geo":{"loc":["-122.312","47.5203"],"accuracy":"RANGE_INTERPOLATED"},"updated":"2010-07-22 20:00:20"}