{"_id":"brewery_Bonaventure_Brewing_Co","name":"Bonaventure Brewing Co","address":["404 South Figueroa Street #418"],"city":"Los Angeles","state":"California","code":"90071","country":"United States","phone":"(213) 236-0802","website":"http:\/\/www.bonaventurebrewing.com\/","description":"Local beers brewed on-site on the 4th floor patio of the Bonaventure Hotel. Terrific views of Downtown LA, traditional American food, friendly staff, local flavor.","geo":{"loc":["-118.256","34.0532"],"accuracy":"ROOFTOP"},"updated":"2010-07-22 20:00:20"}