{"_id":"brewery_Capital_City_Brewing_Company","name":"Capital City Brewing Company","address":["1100 New York Ave, NW"],"city":"Washington","state":"District of Columbia","code":"20005","country":"United States","phone":"202.628.2222","website":"http:\/\/www.capcitybrew.com","description":"Washington DC's first brewpub since prohibition, Capitol City Brewing Co. opened its doors in 1992. Our first location still stands in Downtown DC, at 11th and H St., NW. Our company policy is to bring the fine craft of brewing to every person who lives and visits our region, as well as treating them to a wonderful meal and a great experience.","geo":{"loc":["-91.2526","43.8042"],"accuracy":"ROOFTOP"},"updated":"2010-07-22 20:00:20"}