{"_id":"brewery_Bavaria","name":"Bavaria","address":[],"city":"Barranquilla","country":"Colombia","website":"http:\/\/www.bavaria.com.co","description":"Fundada en abril de 1889 Cervecer\u00c3\u00ada \u00c3\u0081guila tiene una capacidad de producci\u00c3\u00b3n de 3.234.000 hectolitros de cerveza al a\u00c3\u00b1o, con los cuales atiende los departamentos del Sucre, Magdalena, Atl\u00c3\u00a1ntico, Bol\u00c3\u00advar, Guajira, Cesar y la Isla de San Andr\u00c3\u00a9s. Produce y distribuye las marcas \u00c3\u0081guila, Club Colombia, Coste\u00c3\u00b1ita, adem\u00c3\u00a1s de cerveza en barril; Agua Brisa en diferentes presentaciones y Pony Malta. Esta planta tiene su origen en la Cervecer\u00c3\u00ada Barranquilla que empieza operaciones el 10 de abril de 1913 y a\u00c3\u00b1os m\u00c3\u00a1s tarde, en 1933, se une a la Cervecer\u00c3\u00ada Bol\u00c3\u00advar, convirti\u00c3\u00a9ndose en la Cervecer\u00c3\u00ada Barranquilla y Bol\u00c3\u00advar S.A. El 3 de marzo de 1967 la compa\u00c3\u00b1\u00c3\u00ada tom\u00c3\u00b3 el nombre de Cervecer\u00c3\u00ada \u00c3\u0081guila S.A. En diciembre de 2002 se fusion\u00c3\u00b3 con Bavaria S.A. convirti\u00c3\u00a9ndose en una planta estrat\u00c3\u00a9gica para el proceso de exportaciones de la compa\u00c3\u00b1\u00c3\u00ada. Desde octubre de 2005, Bavaria es parte de SABMiller, segunda cervecera mundial en volumen, con operaciones en cuatro continentes y una producci\u00c3\u00b3n que supera los 170 millones de hectolitros de cerveza anuales en m\u00c3\u00a1s de 170 marcas.","geo":{"loc":["-74.7964","10.9639"],"accuracy":"APPROXIMATE"},"updated":"2010-07-22 20:00:20"}