{"_id":"brewery_Big_Time_Brewing","name":"Big Time Brewing","address":["4133 University Way NE"],"city":"Seattle","state":"Washington","code":"98105","country":"United States","phone":"1-206-545-4509","website":"http:\/\/www.bigtimebrewery.com\/","description":"Big Time's brewery is a 14 barrel JV Northwest system consisting of a gas fired brew kettle, an infusion mash tun with mixer, a hot liquor back, a wort cooler, (5) 14 barrel fermenters, a diatomaceous earth filter, a bright beer tank, and (12) 7 bbl serving tanks.  We sell most of our beer at the pub but do wholesale a limited number of kegs to a few Seattle area taverns. We currently brew approximately 1,500 barrels of beer per year","geo":{"loc":["-122.313","47.6576"],"accuracy":"ROOFTOP"},"updated":"2010-07-22 20:00:20"}