{"_id":"brewery_Carlow_Brewing_Company","name":"Carlow Brewing Company","address":["The Goods Store, Station Road"],"city":"Carlow","country":"Ireland","phone":"353 (0)59  9134356","website":"http:\/\/www.carlowbrewing.com","description":"Carlow Brewing Company is a small Irish Brewery established in 1998.  Carlow, a small town located in the Barrow Valley Region, the traditional malt and hop producing region in Ireland, once boasted a number of breweries, but the practice had been discontinued for over 100 years until revived in 1998 by Carlow Brewing Company.  ","geo":{"loc":["-6.846","52.7196"],"accuracy":"APPROXIMATE"},"updated":"2010-07-22 20:00:20"}