{"_id":"brewery_Ellersick_Brewing_Big_E_Ales","name":"Ellersick Brewing Big E Ales","address":["5030 208th ST SW Ste. A"],"city":"Lynnwood","state":"Washington","code":"98036","country":"United States","phone":"425-672-7051","website":"http:\/\/www.ellersickbrewing.com\/","description":"Mission Statement: Dedicated to serving our clients on a personal level. We specialize in unusually cool dispensing methods.   To make sure your quality brew takes on an impressive experience.  Please view our product page for innovate systems and amazing Ales. Call today for a personal evaluation of your beer enhanced production, home remedy, or beer emergency!","geo":{"loc":["-122.302","47.8099"],"accuracy":"ROOFTOP"},"updated":"2010-07-22 20:00:20"}