{"_id":"brewery_Atwater_Block_Brewing","name":"Atwater Block Brewing","address":["237 Joseph Campau Street"],"city":"Detroit","state":"Michigan","code":"48207","country":"United States","phone":"1-313-877-9205","website":"http:\/\/www.atwaterbeer.com","description":"Atwater Block Brewery, located in Detroit's historic Rivertown district is housed in a 1916 factory warehouse that was founded in March of 1997. Our brewing process however, is over 200 years old. We are able to brew our brands in the true heritage style of German lagers. With our imported Kasper Schultz brew house, only the finest malt and hops from Germany are used to brew our lagers and only the finest American hops for our specialty Ale's. Atwater block beers are distinctly fresh and flavorful, which is why we have a slogan We drink all we can and sell the rest..  Atwater Block Brewery is carrying on the rich history of breweries in Detroit, we are THE brewery of the D.","geo":{"loc":["-83.0186","42.3372"],"accuracy":"ROOFTOP"},"updated":"2010-07-22 20:00:20"}