{"_id":"brewery_Adnams_&_Co.","name":"Adnams & Co.","address":["IP18 6JW"],"city":"Southwold","state":"Suffolk","country":"United Kingdom","phone":"44-(01502)-727200","website":"http:\/\/www.adnams.co.uk","description":"Adnams is one of England's oldest and most respected breweries, but despite its rich heritage and enduring fame, Adnams is not a company willing to rest on its laurels. Its continued commitment to quality and innovative packaging designs has made it Britain's fastest growing brewery over the last two years. To top it off, Adnams' head brewer was recently chosen as Britain's Brewer of the Year by a panel of his peers. The aggressive team at Adnams is raring to go and keen to make a mark in the U.S.","geo":{"loc":["1.6802","52.3277"],"accuracy":"APPROXIMATE"},"updated":"2010-07-22 20:00:20"}