{"_id":"brewery_Appalachian_Brewing_Company","name":"Appalachian Brewing Company","address":["50 N. Cameron St."],"city":"Harrisburg","state":"Pennsylvania","code":"17110","country":"United States","phone":"717.221.1080","website":"http:\/\/www.abcbrew.com","description":"Appalachian Brewing Company is a unique large-capacity microbrewery and full-service brewpub located at 50 North Cameron Street Harrisburg, PA.","geo":{"loc":["-76.8753","40.2659"],"accuracy":"ROOFTOP"},"updated":"2010-07-22 20:00:20"}