{"_id":"brewery_Boston_Beer_Company","name":"Boston Beer Company","address":["30 Germania Street"],"city":"Boston","state":"Massachusetts","code":"2130","country":"United States","phone":"1-800-372-1131","website":"http:\/\/www.samueladams.com\/","description":"Jim Koch founded The Boston Beer Company in 1984 because he believed that Americans deserved better beer. Today, we're a team of about 350 people, and we all share a common passion for bringing great Samuel Adams beers to beer lovers everywhere. We've worked hard for the many successes we've enjoyed over the years. The Boston Beer Company has been cited as one of the best companies to work for by Boston Magazine, one of the Best Entry-Level Jobs by The Princeton Review, and our beers have won more awards than any beer in history. Jim has been named an Entrepreneur of the Year by Inc. Magazine. Our brewers keep amazing us with innovative new brews, most recently Samuel Adams Utopias and Samuel Adams Chocolate Bock.","geo":{"loc":["-71.1034","42.3144"],"accuracy":"ROOFTOP"},"updated":"2010-07-22 20:00:20"}