{"_id":"brewery_Captain_Lawrence_Brewing_Company","name":"Captain Lawrence Brewing Company","address":["99 Castleton Street"],"city":"Pleasantville","state":"New York","code":"10570","country":"United States","phone":"914-741-BEER","website":"http:\/\/www.captainlawrencebrewing.com\/","description":"Captain Lawrence beers are craft brewed in Pleasantville New York. We offer tastings and tours on Fridays from 4pm to 7pm, and Saturdays from 12pm  6pm.","geo":{"loc":["-73.7896","41.126"],"accuracy":"ROOFTOP"},"updated":"2010-07-22 20:00:20"}