{"_id":"brewery_Ellicott_Mills_Brewing","name":"Ellicott Mills Brewing","address":["8308 Main Street"],"city":"Ellicott City","state":"Maryland","code":"21043","country":"United States","phone":"1-410-313-8141","website":"http:\/\/www.ellicottmillsbrewing.com","description":"Here at the Mills we have a very simple, yet demanding approach to producing Alpenhof beer. We use the very best ingredients available. We are efficient and precise in production method, yet we allow the product to age to its full maturity. Balance is the key to our beer.  Alpenhof beer is not created to challenge the senses. It is not created to be a complex beer. Well balanced for Alpenhof means smooth and easy-drinking. The way a beer should taste.  To achieve this well balanced taste, only the finest ingredients are used. We import our malt, hops, and yeast from Germany. (For true German style Lager beer, authentic ingredients are essential!) We might spend more for our ingredients, but it is well worth it. This is an expense you can actually taste!","geo":{"loc":["-76.7994","39.2684"],"accuracy":"ROOFTOP"},"updated":"2010-07-22 20:00:20"}