{"_id":"brewery_Big_Buck_Brewery","name":"Big Buck Brewery","address":["550 South Wisconsin Avenue"],"city":"Gaylord","state":"Michigan","code":"49735","country":"United States","website":"http:\/\/www.bigbuck.com\/gaylord.html","description":"The large dining room provides ample seating with a separate full bar.  From choice cuts of aged beef, including a 20-ounce Porterhouse, or a 9-ounce Filet Mignon, menu selections range from fine steaks, chicken, pork and seafood entrees, to a tempting selection of appetizers. Our chef's daily dessert specials complete your dining experience.  Join our master brewer for a tour of the operating brewery and taste test our newest brew, or visit our Northwoods inspired gift shop for a selection of unusual gifts. Featuring our glass walled, 15,000 barrel capacity brewery, Big Buck offers 8 signature beers along with seasonal specialty brews sure to please the most discriminating palate.   Enjoy dinner or drinks on our deck during the season.  Watch your favorite team or make a presentation on one of our many large screen televisions.  Our child and adult game rooms are available for your pre or post dining entertainment. With advance notice, special hours and special menus, including breakfast menus, may be arranged!","geo":{"loc":["-84.6826","45.0223"],"accuracy":"GEOMETRIC_CENTER"},"updated":"2010-07-22 20:00:20"}