{"_id":"brewery_Central_Waters_Brewing_Company","name":"Central Waters Brewing Company","address":["351 Allen Street"],"city":"Amherst","state":"Wisconsin","code":"54406","country":"United States","phone":"1-715-824-2739","website":"http:\/\/www.centralwaters.com\/","description":"Brewing since 1998, Central Waters Brewing Company is built on the solid reputation of producing the finest quality beer in Central Wisconsin: Ouisconsing Red Ale, Happy Heron Pale Ale, Mudpuppy Porter, and many more.","geo":{"loc":["-89.2797","44.4419"],"accuracy":"ROOFTOP"},"updated":"2010-07-22 20:00:20"}