{"_id":"brewery_Coronado_Brewing_Company","name":"Coronado Brewing Company","address":["170 Orange Avenue"],"city":"Coronado","state":"California","code":"92118","country":"United States","phone":"1-619-437-4452","website":"http:\/\/www.coronadobrewingcompany.com\/","description":"The Coronado Brewing Company, in beautiful Coronado (located just a few minutes from downtown San Diego) welcomes you to come and enjoy quality handcrafted beers and delicious food in a casual family environment. Join us for a refreshing pint while we make you one of our signature pizzas or calzones in the wood fired oven, or choose from a wide selection of fresh seafood, steaks, pastas and dining specials. The Coronado Brewing Company is perfect for a quick lunch, a relaxing beverage or a wonderful dinner. If you're a sports fan come relax with a cold beer and an appetizer while watching your favorite team on one of our many HD TV's. Open 7 days a week from 11:00 am (until closing) & offering a weekly happy hour (M-F) from (2-5pm).","geo":{"loc":["-117.173","32.6976"],"accuracy":"RANGE_INTERPOLATED"},"updated":"2010-07-22 20:00:20"}