{"_id":"brewery_Eastern_Shore_Brewing","name":"Eastern Shore Brewing","address":["605 S. Talbot St."],"city":"St Michaels","state":"Maryland","code":"21663","country":"United States","phone":"410.745.8010","website":"http:\/\/www.easternshorebrewing.com\/","description":"Offering beers for every taste including: St. Michaels Blonde Ale, St. Michaels LT, Not So Pale Ale and seasonal beers...Ameri-Hefe & Ameri-Wheat. Stop by the tasting room and sample a few beers. We anticipate being open by Labor Day 2008.","geo":{"loc":["-76.2222","38.7814"],"accuracy":"RANGE_INTERPOLATED"},"updated":"2010-07-22 20:00:20"}