{"_id":"brewery_Augustiner-Br\u00c3\u00a4u_M\u00c3\u00bcnchen","name":"Augustiner-Br\u00c3\u00a4u M\u00c3\u00bcnchen","address":["Landsberger Strae 35"],"city":"M\u00c3\u00bcnchen","state":"Bayern","country":"Germany","phone":"49-(0)89-\/-519940","website":"http:\/\/www.augustiner-braeu.de","description":"Augustiner Br\u00c3\u00a4u is a brewery located in Munich, Germany. Established in 1328, it is Munich's oldest brewery and produces some of Munich's most popular brands of beer.","geo":{"loc":[]},"updated":"2010-07-22 20:00:20"}