{"_id":"beer_Baltic_Thunder","brewery":"Victory Brewing","name":"Baltic Thunder","abv":"8.5","description":"Truly a worldly beer. Baltic Thunder represents the Baltic Porter style admirably. Exhibiting the enticing, toffee roast of the British porter that originated the style in the 18th century, and the soothing, subtle fruit nuance of contemporary brews that flourish from Helsinki to Vilnius today, this dark lager honors the Baltic god of thunder.  Created by an inspired collaboration of brewers and tempered with a touch of turmoil, Baltic Thunder rolls on to bring you enchanting light as the darkness fades.","category":"North American Ale","style":"American-Style Stout","updated":"2010-07-22 20:00:20"}