{"_id":"beer_Berserker_Imperial_Stout","brewery":"Midnight Sun Brewing Co.","name":"Berserker Imperial Stout","abv":"12.7","description":"Vicious and viscous, this menacing brew pours opaque black with a creamy maduro-colored head. Its aroma offers seductive whiskey, chewy red wine, dark fruit and lavish tobacco. Berserker Imperial Stout invades your taste buds with in-your-face flavor. Weighing in at almost 13% alcohol by volume, Berserker is completely out-of-control. Give it a good fight.\r\n\r\nThis version of Berserker Imperial Stout was aged in both red wine and whiskey barrels. The entire batch was brought back together before being packaged in kegs and 22-oz bottles.","category":"North American Ale","style":"American-Style Imperial Stout","updated":"2010-07-22 20:00:20"}