{"_id":"beer_Abbaye_de_Saint-Martin_Brune","brewery":"Brasserie de Brunehaut","name":"Abbaye de Saint-Martin Brune","abv":"8","description":"Abbaye Saint-Martin Brune was named World's Best Abbey (Dark) Beer @ the 2009 World Beer Awards (London). Aroma of caramel and liquorice.  Less sweet than most traditional Dark Abbey Ales. Many people prefer this double at room temperature. It is especially popular when paired with dessert.\r\nAbbye St. Martin Ales are pure Belgium.","category":"Belgian and French Ale","style":"Belgian-Style Dark Strong Ale","updated":"2010-07-22 20:00:20"}