{"_id":"beer_Bengali_Tiger","brewery":"Sixpoint Craft Ales","name":"Bengali Tiger","abv":"6.5","description":"Sixpoint Bengali Tiger is reminiscent of the century-old English IPA. In my perspective, many current IPAs suffer from lacking substance; unbalanced by a hoppy assertiveness that is not substantiated by a strong foundation of rich malt flavors. Our interpretation uses the highest-quality, floor-malted base malt, which lends a full-bodied and rich caramel flavor. We mash at high temperatures and add generous amounts of specialty malts to further emphasize a strong foundation of malt as leverage for our generous additions of hops\u00e2\u0080\u00a6 Which are indeed generous. We use a total of three different hop strains, and add a total of six different additions throughout the process. The Bengali Tiger has a hoppy snap upfront, but strides at a steady pace, and finishes balanced. The signature characteristic of the Tiger is the aroma\u00e2\u0080\u00a6 we use massive quantities of whole East Kent Goldings hops to dry hop in our conditioning tanks. The result? The essential oils from the hops are an enticing treat before every sip. Notice the lacing of stripes around the pint glass as you finish your glass; it\u00e2\u0080\u0099s the mark of the Tiger.","category":"North American Ale","style":"American-Style India Pale Ale","updated":"2010-07-22 20:00:20"}