{"_id":"beer_Beer_Geek_Breakfast","brewery":"Mikkeller","name":"Beer Geek Breakfast","abv":"7.5","description":"Breakfast is the most important meal of the day, many say, and if you are a beer geek there is no better way to start the day than with a powerful, complex morning stout. The unique mix of oats and coffee gives this beer large body and power, while the coffee, at the same time, creates a nice balance.","category":"North American Ale","style":"American-Style Imperial Stout","updated":"2010-07-22 20:00:20"}