{"_id":"beer_(512)_ALT","brewery":"(512) Brewing Company","name":"(512) ALT","abv":"6","description":"(512) ALT is a German-style amber ale that is fermented cooler than typical ales and cold conditioned like a lager. ALT means \u00e2\u0080\u009cold\u00e2\u0080\u009d in German and refers to a beer style made using ale yeast after many German brewers had switched to newly discovered lager yeast. This ale has a very smooth, yet pronounced, hop bitterness with a malty backbone and a characteristic German yeast character. Made with 98% Organic 2-row and Munch malts and US noble hops.","category":"German Ale","style":"German-Style Brown Ale\/Altbier","updated":"2010-07-22 20:00:20"}