{"_id":"beer_422_Pale_Wheat_Ale","brewery":"Southern Tier Brewing Co","name":"422 Pale Wheat Ale","abv":"5","description":"Pour 422 Pale Wheat Ale into a pint glass, give it a long whiff and you\u00e2\u0080\u0099ll realize that this isn\u00e2\u0080\u0099t your average pale golden wheat. Preserved in its unfiltered state, 422 is a fantastic session ale in which flavors of wheat, barley and hops commingle to a refreshing and zesty conclusion. Hints of orange and sweet malts waft to the fore as a touch of bitterness contributes to a smooth finish. 422 is brewed as a tribute to preserving our precious planet and it\u00e2\u0080\u0099s environment. It is responsibly packaged with over 80% recycled consumer products and is completely recyclable. Enjoy 422 all year as to take one stride closer to a eco-friendly life.","category":"Other Style","style":"Light American Wheat Ale or Lager","updated":"2010-07-22 20:00:20"}