{"_id":"beer_Beewolf_Braggot","brewery":"Dogfish Head Craft Brewery","name":"Beewolf Braggot","abv":"7","description":"This is a hybrid of ale and mead made with 51% malted barley (Pale and Munich malted barley) and 49% Orange blossom honey, it is lightly hopped, spiced with Hibiscus flowers and fermented with Australian ale yeast.\r\n\r\nOur Milton, DE microbrewery brewer Jon Talkington came up with this beer because of his love of different kinds of meads and his interest in Nordic lore and mythology.  The name Beewolf is the name Beowulf translated, meaning bear.\r\n \r\nColor- light amber.\r\nAroma- Pear like fruitiness, with a clean malt and floral honey nose.\r\nFlavor- sweet malt and honey with a subtle fruitiness and a hint of caramel.\r\nABV 7.0%\r\nIBU's 25\r\n\r\nDue to the limited availability of Beewolf Braggot, we are sorry that we are not able to offer growlers to go.","updated":"2010-07-22 20:00:20"}