{"_id":"beer_Apache_Trout_Stout","brewery":"Mogollon Brewing Company","name":"Apache Trout Stout","abv":"5","description":"From Arizona\u00e2\u0080\u0099s high country comes Apache Trout Stout, a robust, full bodied, top fermented ale.  Our brewers use mountain pure water, select roasted barley, hops and yeast to create this traditional style.  Savor the balanced, roasted malt flavor and the lingering sweetness that makes this dry stout a cool weather treat.","category":"British Ale","style":"Sweet Stout","updated":"2010-07-22 20:00:20"}