{"_id":"beer_Barrel-Aged_B.O.R.I.S._Imperial_Stout","brewery":"Hoppin Frog Brewery","name":"Barrel-Aged B.O.R.I.S. Imperial Stout","abv":"9.4","description":"Made from our B.O.R.I.S. Imperial Stout, that was rated one of the World\u00e2\u0080\u0099s 50 Best Beers, and won the Gold Medal at the GABF in 2008. BARREL-AGED B.O.R.I.S. has picked up rich characters of vanilla, dark fruit, oak, and spice. It\u00e2\u0080\u0099s unbelievably complex and savory","category":"North American Ale","style":"American-Style Imperial Stout","updated":"2010-07-22 20:00:20"}