{"_id":"beer_Autumn_Maple","brewery":"The Bruery","name":"Autumn Maple","abv":"10","description":"Brewed with 17 lbs. of yams per barrel (in other words, a lot of yams!), this autumn seasonal is a different take on the \u00e2\u0080\u009cpumpkin\u00e2\u0080\u009d beer style. Brewed with cinnamon, nutmeg, allspice, vanilla, molasses, and maple syrup, and fermented with our traditional Belgian yeast strain, this bold and spicy beer is perfect on a cold autumn evening.","category":"Other Style","style":"Pumpkin Beer","updated":"2010-07-22 20:00:20"}