{"_id":"beer_Belgian_White","brewery":"Long Trail Brewing Co","name":"Belgian White","abv":"4.7","description":"Our Belgian White Ale is modeled after the original Belgian Witbiers brewed in monasteries during the early 14th century. The soft notes of citrus and spice are topped with a light, fluffy head that finishes clean and crisp. This all natural ale is our latest seasonal brew, perfect for lounging lake-side or celebrating at trail's end.","category":"Belgian and French Ale","style":"Belgian-Style White","updated":"2010-07-22 20:00:20"}