{"_id":"beer_Belle_Gunness_Stout","brewery":"Back Road Brewery","name":"Belle Gunness Stout","abv":"5","description":"A notorious drink that's as dark as its' namesakes history!!  It is named after the infamous LaPorte, Indiana serial killer herself, Belle Gunness of 1908.  This Irish-style dry stout is amazingly smooth to drink.  You will taste chocolate, coffee and roasty flavors in every sip.  Don't be afraid of the dark.  A true dark beer lover would die to try it.  It definitely would not kill you to dig some up.","category":"North American Ale","style":"American-Style Stout","updated":"2010-07-22 20:00:20"}