{"_id":"beer_Amigo_Lager","brewery":"Port Brewing Company","name":"Amigo Lager","abv":"5","description":"Because everyone needs a friend.  It seems only natural that with San Diego being one of the closest cities to the Mexican Border that you would find a beer like Amigo.  Brewed in the San Diego Lager style, this all malt lager is a refreshing way to start or finish a drinking session.  The product of a true lager fermentation, this beer is crisp and lighter in body than most ales of similar strength making it a friendly choice for any occasion.\r\n\r\nMalts- Pilsner and Two Row\r\nHops- German Magnum and Czech Saaz\r\nYeast- White Labs German Lager \r\n\r\nOriginal Gravity- 1.048\r\nTerminal Gravity- 1.010\r\n5.0% ABV\r\n\r\nDraft- Available in Southern California and Arizona","category":"North American Lager","style":"American-Style Lager","updated":"2010-07-22 20:00:20"}