{"_id":"beer_Bad_Moon_Porter","brewery":"DuClaw","name":"Bad Moon Porter","abv":"5.1","description":"A complex, robust porter, Bad Moon is medium to full bodied with a slightly sweet, malty presence combined with hints of chocolate and coffee. This is a full-bodied beer that gets its chocolate and coffee-like flavors and color from the use of generous amounts of roasted malts. It has a smooth finish and a balanced hop character.","category":"Irish Ale","style":"Porter","updated":"2010-07-22 20:00:20"}