{"_id":"beer_2x4_India_Pale_Ale","brewery":"Bavarian Barbarian Brewing Company","name":"2x4 India Pale Ale","abv":"7","description":"2x4 India Pale Ale (7% ABV, 65 IBUs) sports Columbus, Nugget and Amarillo hops for a spicy, citrusy blend in both flavor and aroma.  Backed by golden pale malts and a kick from flaked rye, the hops are pleasantly robust with just the right touch of bitterness at the end.","category":"North American Ale","style":"Imperial or Double India Pale Ale","updated":"2010-07-22 20:00:20"}