{"_id":"beer_120_Minute_IPA","brewery":"Dogfish Head Craft Brewery","name":"120 Minute IPA","abv":"18","description":"Too extreme to be called beer? Brewed to a colossal 45-degree plato, boiled for a full 2 hours while being continuously hopped with high-alpha American hops, then dry-hopped daily in the fermenter for a month & aged for nother month on whole-leaf hops!!! Our 120 Minute I.P.A. is by far the biggest I.P.A. ever brewed! At 20% abv and 120 ibus you can see why we call this beer THE HOLY GRAIL for hopheads!\r\n\r\n-changed to be 18% for aging purposes according to Dogfish Head brewery.","category":"North American Ale","style":"Imperial or Double India Pale Ale","updated":"2010-07-22 20:00:20"}