{"_id":"beer_Bhagwan's_Best_IPA","brewery":"Big Time Brewing","name":"Bhagwan's Best IPA","abv":"5","description":"Building on a classic English style and adding some uniquely Northwest touches, Bhagwan's Best has developed fiercely loyal following wherever it is served.  Bursting with local hop flavor, bitterness, and aroma, it is a particular treat when served dry-hopped and cask-conditioned on Big Time's beer engine. O.G. 16 Plato (1.064), alcohol is approximately 5% by weight.","category":"North American Ale","style":"American-Style India Pale Ale","updated":"2010-07-22 20:00:20"}